[
	{"id": 1, "title": "The Lord of the Rings", "genre": "fantasy"},
	{"id": 2, "title": "Pulp Fiction", "genre": "action"},
	{"id": 3, "title": "Historia de lo nuestro", "genre": "drama"},
	{"id": 4, "title": "El juego perfecto", "genre": "deporte"},
	{"id": 5, "title": "Juicio de fuego", "genre": "action"},
	{"id": 6, "title": "Tan distinto como yo", "genre": "comedia"},
	{"id": 7, "title": "La fuerza de uno", "genre": "fantasy"},
	{"id": 8, "title": "Vidas de papel", "genre": "drama"},
	{"id": 9, "title": "Disparando a perros", "genre": "action"},
	{"id": 10, "title": "Un don excepcional", "genre": "comedia"}
]
